<?xml version="1.0" encoding="UTF-8"?>
<facephi-widget-conf version="1.1"
    color_warning_message="#DD3631"
    font_warning_message="Poppins-SemiBold.ttf"
    color_shutter="#00819880"
    color_shutter_text="#FFFFFF"
    font_shutter_text="Poppins-SemiBold.ttf"
    font_shutter_size="35.0"
    color_quality_low="#DD3631"
    color_quality_good="#ffab41"
    color_quality_excellent="#40b305"
    color_progress_bar="#3167FC"
    width_progress_bar="6.0"
    swap_exit_info_positions="true"
    >
    

    <view id="StartExtractor">
        <background id="background"
        top="#FFFFFF"
        middle_top="#FFFFFF"
        middle_bottom="#FFFFFF"
        bottom="#FFFFFF"
        mirror_mist_color="#FFFFFF80"
        />
        
        <title id="title"
        content="LogoMedium.png"
        content_type="RESOURCE_ID"
        />

        <text id="text"
        color="#526080"
        font="Poppins-SemiBold.ttf"
        font_size="20.0"
        />
        
        <camera id="camera" />
        
        <button id="button_start"
        background="#3167FC"
        decorator="#3167FC"
        foreground="#FFFFFF"
        content="button_start"
        content_type="TEXT_ID"
        font="Poppins-SemiBold.ttf"
        font_size="16.0"
        align="CENTER"
        />
        
        <buttonImage id="button_info" value="InfoBlack.png"/>
        
        <buttonImage id="button_exit" value="CrossBlack.png"/>
        
        <image id="logo_medium" value=""/>
    </view>

    <view id="Extractor">
        <background id="background"
        top="#FFFFFF"
        middle_top="#FFFFFF"
        middle_bottom="#FFFFFF"
        bottom="#FFFFFF"
        />
        
        <title id="title"
        content="LogoMedium.png"
        content_type="RESOURCE_ID"
        />
                
        <camera id="camera" />

        <video id="extraction_video" mode="Normal"
        value="PuppetBoyBeard.mp4, PuppetBoyGlasses.mp4, PuppetBoyNormal.mp4,PuppetGirlAfro.mp4, PuppetGirlGlasses.mp4, PuppetGirlNormal.mp4"
        />
        
        <text id="text" mode="Normal"
        color="#1D2C4D"
        font="Poppins-SemiBold.ttf"
        font_size="20.0"
        />

        <text id="warning" mode="Warning"
        color="#DD3631"
        font="Poppins-SemiBold.ttf"
        font_size="20.0"
        />

        <buttonImage id="button_info" value="InfoBlack.png"/>
        
        <buttonImage id="button_exit" value="CrossBlack.png"/>
        
        <image id="logo_medium" value=""/>
    </view>

    <view id="LivenessMove">
        <background id="background"
        top="#FFFFFF"
        middle_top="#FFFFFF"
        middle_bottom="#FFFFFF"
        bottom="#FFFFFF"
        />
        
        <title id="title"
        content="LogoMedium.png"
        content_type="RESOURCE_ID"
        />
                
        <camera id="camera" />
        
        <animation id="liveness_move" name="ArrowProgressExpulsion_" ext="png" start="01" end="36"/>
        <waiting id="waiting" color="#526080"/>
        
        <text id="liveness_move_text" mode="Normal"
        color="#1D2C4D"
        font="Poppins-SemiBold.ttf"
        font_size="20.0"
        />
        
        <text id="warning" mode="Warning"
        color="#DD3631"
        font="Poppins-SemiBold.ttf"
        font_size="20.0"
        />
        
        <buttonImage id="button_info" value="InfoBlack.png"/>
        
        <buttonImage id="button_exit" value="CrossBlack.png"/>
        
        <image id="logo_medium" value=""/>
    </view>

    <view id="ScanQR">
        <background id="background"
        top="#FFFFFF"
        middle_top="#FFFFFF"
        middle_bottom="#FFFFFF"
        bottom="#FFFFFF"
        />
        
        <title id="title"
        content="LogoMedium.png"
        content_type="RESOURCE_ID"
        />
                
        <camera id="camera" />
        
        <text id="text" mode="Normal"
        color="#526080"
        font="Poppins-SemiBold.ttf"
        font_size="20.0"
        />
        
        <text id="warning" mode="Warning"
        color="#DD3631"
        font="Poppins-SemiBold.ttf"
        font_size="20.0"
        />

        <fade id="qr_fade" target_color="#FFFFFF"/>

        <buttonImage id="button_info" value="InfoBlack.png"/>
        
        <buttonImage id="button_exit" value="CrossBlack.png"/>
        
        <image id="logo_medium" value=""/>
    </view>

    <view id="Results">
        <background id="background"
        top="#FFFFFF"
        middle_top="#FFFFFF"
        middle_bottom="#FFFFFF"
        bottom="#FFFFFF"
        mirror_color="#f9f9f9"
        />
        
        <title id="title"
        content="LogoMedium.png"
        content_type="RESOURCE_ID"
        />
                
        <text id="tip"
        color="#526080"
        font="Poppins-Regular.ttf"
        font_size="20.0"
        />
        
        <results id="results"
        background_color="#F9F9F9"
        fontResult="Poppins-SemiBold.ttf"
        fontResult_size="30.0"
        fontQuality="Poppins-SemiBold.ttf"
        fontQuality_size="17.0"
        />
        
        <button id="button_repeat"
        background="#00000000"
        decorator="#526080"
        foreground="#3167FC"
        content="button_repeat"
        content_type="TEXT_ID"
        font="Poppins-SemiBold.ttf"
        font_size="16.0"
        align="CENTER"
        type="FLAT_WITH_BORDER"
        />
        
        <button id="button_finish"
        background="#3167FC"
        decorator="#3167FC"
        foreground="#FFFFFF"
        content="button_finish"
        content_type="TEXT_ID"
        font="Poppins-SemiBold.ttf"
        font_size="16.0"
        align="CENTER"
        type="FLAT_WITH_BORDER"
        />
        
        <buttonImage id="button_exit" value="BackBlack.png"/>
        
        <image id="logo_medium" value=""/>
    </view>

    <view id="Success">
        <background id="background"
        top="#FFFFFF"
        middle_top="#FFFFFF"
        middle_bottom="#FFFFFF"
        bottom="#FFFFFF"
        />
        
        <title id="title"
        content="LogoMedium.png"
        content_type="RESOURCE_ID"
        />
                
        <video id="video_success" value="checkExitoSobreGris.mp4"/>
        
        <image id="logo_large" value=""/>
    </view>

    <!-- Tutoriales -->
    <view id="TutorialRegister1">
        <background id="background"
        top="#FFFFFF"
        middle_top="#FFFFFF"
        middle_bottom="#FFFFFF"
        bottom="#FFFFFF"
        pagination_separator="#FFFFFF"
        mirror_border_color="#FFFFFF"
        mirror_border_width="0.0"
        />
        
        <title id="title"
        content=""
        content_type="RESOURCE_ID"
        />
                                
        <text id="tip_detail"
        color="#526080"
        font="Poppins-Regular.ttf"
        font_size="20.0"
        text="tutorial1_tip_detail"
        />
        
        <button id="button_skip"
        background="#00000000"
        decorator="#00000000"
        foreground="#3167FC"
        content="button_skip"
        content_type="TEXT_ID"
        font="Poppins-SemiBold.ttf"
        font_size="14.0"
        align="CENTER"
        />

        <button id="button_next"
        background="#00000000"
        decorator="#00000000"
        foreground="#3167FC"
        content="button_next"
        content_type="TEXT_ID"
        font="Poppins-SemiBold.ttf"
        font_size="14.0"
        align="CENTER"
        align_text="CENTER"
        align_resource="LEFT"
        content_text="button_next"
        content_resource="anext.png"
        />

        <buttonImage id="button_exit" value="BackBlack.png"/>
        
        <video id="tutorial1_tip_video" value="AA_FaceVerif_Tut_Center_M.mp4"/>

        <pagination id="pagination" steps="3"
        page="1"
        image_on="slideActive.png"
        image_off="slide.png"
        separation="28.0"
        />
    </view>

    <view id="TutorialRegister2">
        <background id="background"
        top="#FFFFFF"
        middle_top="#FFFFFF"
        middle_bottom="#FFFFFF"
        bottom="#FFFFFF"
        pagination_separator="#FFFFFF"
        mirror_border_color="#FFFFFF"
        mirror_border_width="0.0"
        />
        
        <title id="title"
        content=""
        content_type="RESOURCE_ID"
        />
                                
        <text id="tip_detail"
        color="#526080"
        font="Poppins-Regular.ttf"
        font_size="20.0"
        text="tutorial2_tip_detail"
        />
        
        <button id="button_back"
        background="#00000000"
        decorator="#00000000"
        foreground="#3167FC"
        content="button_back"
        content_type="TEXT_ID"
        font="Poppins-SemiBold.ttf"
        font_size="14.0"
        align="CENTER"
        align_text="CENTER"
        align_resource="RIGHT"
        content_text="button_back"
        content_resource="aback.png"
        />

        <button id="button_next"
        background="#00000000"
        decorator="#00000000"
        foreground="#3167FC"
        content="button_next"
        content_type="TEXT_ID"
        font="Poppins-SemiBold.ttf"
        font_size="14.0"
        align="CENTER"
        align_text="CENTER"
        align_resource="LEFT"
        content_text="button_next"
        content_resource="anext.png"
        />
        
        <buttonImage id="button_exit" value="BackBlack.png"/>
        
        <video id="tutorial2_tip_video" value="AA_FaceVerif_Tut_NoItems_M.mp4"/>

        <pagination id="pagination" steps="3"
        page="2"
        image_on="slideActive.png"
        image_off="slide.png"
        separation="28.0"
        />
    </view>

    <view id="TutorialRegister3">
        <background id="background"
        top="#FFFFFF"
        middle_top="#FFFFFF"
        middle_bottom="#FFFFFF"
        bottom="#FFFFFF"
        pagination_separator="#FFFFFF"
        mirror_border_color="#FFFFFF"
        mirror_border_width="0.0"
        />
        
        <title id="title"
        content=""
        content_type="RESOURCE_ID"
        />
                        
        <text id="tip_detail"
        color="#526080"
        font="Poppins-Regular.ttf"
        font_size="20.0"
        text="tutorial3_tip_detail"
        />
        
        <button id="button_back"
        background="#00000000"
        decorator="#00000000"
        foreground="#3167FC"
        content="button_back"
        content_type="TEXT_ID"
        font="Poppins-SemiBold.ttf"
        font_size="14.0"
        align="CENTER"
        align_text="CENTER"
        align_resource="RIGHT"
        content_text="button_back"
        content_resource="aback.png"
        />

        <button id="button_done"
        background="#00000000"
        decorator="#00000000"
        foreground="#3167FC"
        content="button_done"
        content_type="TEXT_ID"
        font="Poppins-SemiBold.ttf"
        font_size="14.0"
        align="CENTER"
        />
        
        <buttonImage id="button_exit" value="BackBlack.png"/>
        
        <video id="tutorial3_tip_video" value="AA_FaceVerif_Tut_Light_M.mp4"/>

        <pagination id="pagination" steps="3"
        page="3"
        image_on="slideActive.png"
        image_off="slide.png"
        separation="28.0"
        />
    </view>

    <view id="TutorialBlink1">
    </view>

    <view id="TutorialBlink2">
    </view>

    <view id="TutorialBlink3">
    </view>

    <view id="TutorialMove1">
    </view>

    <view id="TutorialMove2">
    </view>

    <view id="TutorialMove3">
    </view>

</facephi-widget-conf>
