<?xml version="1.0" encoding="UTF-8"?>
<translations>
    <token id="camera_front_enabled">Câmara frontal ativada</token>
    <token id="camera_back_enabled">Câmara traseira ativada</token>
    <token id="button_skip">OMITIR</token>
    <token id="button_ready">PRONTO</token>
    <token id="button_start">COMEÇAR</token>
    <token id="button_repeat">NÃO, QUERO REPETIR</token>
    <token id="button_finish">SIM, ACEITAR</token>
    <token id="button_next">SEGUINTE</token>
    <token id="button_back">VOLTAR</token>
    <token id="button_done">FINALIZAR</token>
    <token id="button_info_alt">Tutorial</token>
    <token id="button_exit_alt">Fechar processo</token>
    <token id="face_movement_tips_title">Mova a sua cara</token>
    <token id="face_movement_tips_detail">Para um registo ótimo, imite os&#10;movimentos olhando para a frente</token>
    <token id="start_extractor_title">Coloque a sua cara dentro do círculo,&#10;prima começar e imite o modelo</token>
    <token id="extracting_title">Permaneça quieto, com a sua cara&#10;no centro do círculo</token>
    <token id="liveness_move_tip">Siga a flecha&#10;girando a sua cabeça</token>
    <token id="liveness_move_tip_up">Gire a sua cabeça&#10;para cima</token>
    <token id="liveness_move_tip_down">Gire a sua cabeça&#10;para baixo</token>
    <token id="liveness_move_tip_left">Gire a sua cabeça&#10;para a esquerda</token>
    <token id="liveness_move_tip_right">Gire a sua cabeça&#10;para a direita</token>
    <token id="liveness_move_stabilizing">Permaneça quieto, com a sua cara&#10;no centro do círculo</token>
    <token id="liveness_move_stabilizing_none">Permaneça quieto, com a sua cara&#10;no centro do círculo</token>
    <token id="liveness_move_stabilizing_ok">Permaneça quieto, com a sua cara&#10;no centro do círculo</token>
    <token id="liveness_move_stabilizing_not_stabilized">Permaneça quieto, com a sua cara&#10;no centro do círculo</token>
    <token id="liveness_move_stabilizing_no_face_too_far">Está demasiado afastado&#10;Aproxime um pouco a sua cara</token>
    <token id="liveness_move_stabilizing_no_face_sun_glasses">Permaneça quieto, com a sua cara&#10;no centro do círculo</token>
    <token id="liveness_move_stabilizing_no_face_too_close">Está demasiado perto&#10;Afaste um pouco a sua cara</token>
    <token id="liveness_move_stabilizing_no_face_too_much_movement">Permaneça quieto, com a sua cara&#10;no centro do círculo</token>
    <token id="liveness_move_stabilizing_no_face_low_performance">Permaneça quieto, com a sua cara&#10;no centro do círculo</token>
    <token id="liveness_move_stabilizing_no_face_no_frontal">Permaneça com a cara&#10;a olhar para a frente</token>
    <token id="liveness_move_stabilizing_no_face_no_frontal_too_much_left">Gire a sua cara ligeiramente&#10;para a direita</token>
    <token id="liveness_move_stabilizing_no_face_no_frontal_too_much_right">Gire a sua cara ligeiramente&#10;para a esquerda</token>
    <token id="liveness_move_stabilizing_no_face_no_frontal_too_much_down">Gire a sua cara ligeiramente&#10;para cima</token>
    <token id="liveness_move_stabilizing_no_face_no_frontal_too_much_up">Gire a sua cara ligeiramente&#10;para baixo</token>
    <token id="liveness_move_stabilizing_no_face_no_color">Procure um lugar melhor iluminado&#10;para realizar o processo</token>
    <token id="liveness_move_stabilizing_no_face_low_quality">Procure um lugar melhor iluminado&#10;para realizar o processo</token>
    <token id="liveness_move_stabilizing_no_face_no_color">Procure um lugar melhor iluminado&#10;para realizar o processo</token>
    <token id="liveness_move_stabilizing_no_face_low_pattern_quality">Mantenha uma&#10;pose neutra com a sua cara</token>
    <token id="liveness_move_stabilizing_ok_glasses">Permaneça quieto, com a sua cara&#10;no centro do círculo</token>
    <token id="results_message_low">Recomendamos que&#10;repita o registo</token>
    <token id="results_message_good">O registo é bom,&#10;mas pode melhorá-lo</token>
    <token id="results_message_excellent">A qualidade do registo é&#10;excelente. Parabéns!</token>
    <token id="results_message_finish">Sua foto parece&#10;clara e nítida?</token>
    <token id="results_quality_message">(Qualidade do registo)</token>
    <token id="results_quality_low">Normal</token>
    <token id="results_quality_good">Bom</token>
    <token id="results_quality_excellent">Excelente</token>
    <token id="error_message_face">Coloque a sua cara no&#10;centro do círculo</token>
    <token id="error_message_start">Coloque-se dentro do círculo</token>
    <token id="error_message_away">Afaste o dispositivo</token>
    <token id="error_message_closer">Aproxime a sua cara</token>
    <token id="error_message_liveness">A comprovar fotografia</token>
    <token id="qr_scan">Coloque o QR dentro&#10;do círculo</token>
    <token id="qr_not_valid">QR não válido</token>
    <token id="message_blink">Pisque os olhos!</token>
    <token id="tutorial1_tip_detail">Coloque o rosto no centro&#10;e olhe diretamente para a câmara.</token>
    <token id="tutorial1_tip_video_alt">Um círculo aparece no centro do ecrã. Uma pessoa mostra o seu rosto. Consegue ver toda a sua cabeça dentro do círculo. Quando estiver bem posicionado, a aplicação tira-lhe uma fotografia.</token>
    <token id="tutorial2_tip_detail">Remova todos os objetos&#10;que lhe cobrem o rosto.</token>
    <token id="tutorial2_tip_video_alt">Um círculo aparece no centro do ecrã. Dentro do círculo está uma pessoa com óculos escuros e cabelo a tapar parte do rosto. Tira os óculos e afasta o cabelo do rosto. A aplicação deteta todo o seu rosto e tira uma foto.</token>
    <token id="tutorial3_tip_detail">Procure um ambiente&#10;bem iluminado,&#10;sem sombras no rosto.</token>
    <token id="tutorial3_tip_video_alt">Um círculo escuro aparece no centro do ecrã. Dentro do círculo, o rosto de uma pessoa pode ser visto com dificuldade. Uma luz acende e o seu rosto pode ser visto claramente. Depois disso, a aplicação tira-lhe uma foto.</token>
    <token id="tutorialBlink1_tip_detail">Aumente a segurança validando&#10;o acesso com um piscar de olhos</token>
    <token id="tutorialBlink2_tip_detail">Coloque a sua cara dentro do&#10;círculo e permaneça quieto&#10;sem mover o dispositivo</token>
    <token id="tutorialBlink3_tip_detail">Pisque os olhos mesmo antes de&#10;as persianas&#10;fecharem completamente</token>
    <token id="tutorialMove1_tip_detail">Evite contraluzes, lugares escuros e&#10;assegure-se de ver bem a sua cara</token>
    <token id="tutorialMove2_tip_detail">Coloque a sua cara dentro do&#10;círculo e permaneça quieto&#10;sem mover o dispositivo</token>
    <token id="tutorialMove3_tip_detail">Gire a cabeça na direção&#10;indicada pela flecha</token>
</translations>
